{"train/global_step":35,"_runtime":608,"_step":34,"train/loss":3.3046,"_wandb":{"runtime":608},"train/epoch":35,"_timestamp":1.7634181391234589e+09,"train/grad_norm":35.791748046875,"train/learning_rate":1.1333333333333333e-07}