{"_timestamp":1.7634175256510854e+09,"train/grad_norm":35.442169189453125,"train/learning_rate":2.6666666666666664e-08,"train/loss":3.3492,"_runtime":56,"_step":8,"train/global_step":9,"_wandb":{"runtime":56},"train/epoch":9}