{"train/grad_norm":22.907556533813477,"train/loss":2.4124,"train/global_step":54,"_timestamp":1.7634174488069916e+09,"_step":53,"train/learning_rate":5.888888888888889e-08,"train/epoch":18,"_wandb":{"runtime":76},"_runtime":76}